,rollno,name,course,gender,marks1,marks2,fees,city
0,1,student1,BTECH,M,93,48,50649,Delhi
1,2,student2,BBA,M,44,40,66955,Faridabad
2,3,student3,NotAvaialble,M,81,92,59175,Delhi
3,4,student4,MBA,M,46,57,61420,Faridabad
4,5,student5,MTech,M,63,83,71090,Gurugram
5,6,student6,MBA,M,85,89,87439,Faridabad
6,7,student7,BTECH,M,90,43,71162,Faridabad
7,8,student8,MBA,F,57,98,61134,Noida
8,9,student9,MBA,M,99,77,83644,Delhi
9,10,student10,BTECH,F,82,66,78944,Delhi
10,11,student11,MBA,F,67,79,96413,Noida
11,12,student12,BBA,M,98,92,67026,Gurugram
12,13,student13,MTech,M,79,51,62806,Faridabad
13,14,student14,NotAvaialble,F,92,74,59967,Delhi
14,15,student15,BBA,M,74,75,65264,Delhi
15,16,student16,MBA,M,43,98,71664,Delhi
16,17,student17,NotAvaialble,F,64,51,86922,Gurugram
17,18,student18,BTECH,F,47,92,94110,Gurugram
18,19,student19,MTech,M,90,72,81161,Gurugram
19,20,student20,MTech,F,94,78,93807,Delhi
20,21,student21,BBA,F,94,78,77859,Gurugram
21,22,student22,BTECH,M,51,81,68565,Delhi
22,23,student23,NotAvaialble,M,61,64,81293,Noida
23,24,student24,NotAvaialble,F,66,92,96510,Noida
24,25,student25,MBA,F,91,63,63000,Gurugram
25,26,student26,BTECH,F,45,95,66058,Faridabad
26,27,student27,BBA,F,58,56,59439,Delhi
27,28,student28,BBA,F,54,56,60652,Gurugram
28,29,student29,BBA,M,54,86,59339,Gurugram
29,30,student30,NotAvaialble,M,44,57,95878,Delhi
30,31,student31,NotAvaialble,M,77,83,98800,Faridabad
31,32,student32,MTech,M,65,81,72418,Delhi
32,33,student33,NotAvaialble,F,65,87,70082,Noida
33,34,student34,NotAvaialble,F,51,76,92328,Delhi
34,35,student35,MTech,M,66,97,77952,Delhi
35,36,student36,BBA,M,79,61,87870,Delhi
36,37,student37,BTECH,M,84,49,81373,Delhi
37,38,student38,BTECH,M,79,83,65951,Delhi
38,39,student39,BBA,F,70,74,79251,Noida
39,40,student40,BTECH,F,59,96,76019,Noida
40,41,student41,NotAvaialble,M,50,58,99682,Delhi
41,42,student42,BTECH,M,93,62,99370,Gurugram
42,43,student43,BTECH,M,75,52,91528,Faridabad
43,44,student44,BBA,F,87,58,62742,Faridabad
44,45,student45,MBA,M,99,41,96440,Delhi
45,46,student46,MBA,F,54,55,70197,Delhi
46,47,student47,BTECH,M,74,45,76620,Gurugram
47,48,student48,MBA,M,94,52,57965,Delhi
48,49,student49,BTECH,F,40,67,66930,Faridabad
49,50,student50,MTech,M,49,72,89969,Faridabad
50,51,student51,MTech,F,56,54,76462,Noida
51,52,student52,BTECH,M,87,53,54827,Gurugram
52,53,student53,NotAvaialble,F,44,55,65813,Noida
53,54,student54,NotAvaialble,F,96,40,94057,Noida
54,55,student55,BTECH,F,77,67,69784,Delhi
55,56,student56,MBA,M,99,57,73692,Noida
56,57,student57,BBA,F,61,41,82591,Noida
57,58,student58,MTech,M,77,41,98267,Faridabad
58,59,student59,BTECH,M,76,75,89187,Gurugram
59,60,student60,NotAvaialble,M,61,60,67730,Delhi
60,61,student61,MTech,F,53,60,50463,Faridabad
61,62,student62,BBA,F,45,44,51018,Delhi
62,63,student63,MBA,F,46,62,83065,Faridabad
63,64,student64,MBA,M,41,99,53781,Faridabad
64,65,student65,MTech,M,80,58,98434,Noida
65,66,student66,MTech,F,93,88,50450,Faridabad
66,67,student67,BTECH,M,40,41,71667,Noida
67,68,student68,BTECH,M,76,80,96349,Delhi
68,69,student69,BBA,M,70,40,74953,Noida
69,70,student70,MTech,M,73,99,55020,Noida
70,71,student71,BTECH,F,56,88,79858,Delhi
71,72,student72,BBA,F,61,44,54404,Gurugram
72,73,student73,BTECH,F,49,99,76540,Noida
73,74,student74,BTECH,M,96,93,89770,Delhi
74,75,student75,NotAvaialble,F,56,52,54486,Delhi
75,76,student76,MBA,M,45,78,70191,Delhi
76,77,student77,MTech,F,43,59,52873,Delhi
77,78,student78,BBA,M,59,41,56895,Gurugram
78,79,student79,BBA,M,63,90,79486,Faridabad
79,80,student80,BBA,M,45,99,89163,Gurugram
80,81,student81,MTech,M,99,69,50439,Faridabad
81,82,student82,MBA,M,93,94,61229,Delhi
82,83,student83,NotAvaialble,M,69,63,54893,Gurugram
83,84,student84,MBA,F,46,62,65821,Noida
84,85,student85,NotAvaialble,F,97,97,95624,Gurugram
85,86,student86,BTECH,M,52,47,61287,Noida
86,87,student87,MTech,M,49,45,81680,Delhi
87,88,student88,BBA,M,57,60,82492,Delhi
88,89,student89,MBA,M,62,55,91650,Delhi
89,90,student90,NotAvaialble,F,46,75,71624,Gurugram
90,91,student91,BBA,M,90,43,51201,Faridabad
91,92,student92,BBA,M,43,71,62615,Faridabad
92,93,student93,BTECH,M,99,93,54338,Delhi
93,94,student94,NotAvaialble,M,97,62,50237,Noida
94,95,student95,MTech,M,94,73,62919,Noida
95,96,student96,MBA,F,83,59,75452,Faridabad
96,97,student97,BTECH,F,48,54,56391,Noida
97,98,student98,MBA,F,88,48,90901,Faridabad
98,99,student99,MBA,M,61,50,53498,Delhi
99,100,student100,NotAvaialble,F,81,71,77356,Noida
100,101,student101,BTECH,M,76,54,59145,Faridabad
101,102,student102,BTECH,M,76,44,72010,Delhi
102,103,student103,MTech,M,64,73,93790,Delhi
103,104,student104,NotAvaialble,M,44,99,99120,Gurugram
104,105,student105,NotAvaialble,M,94,44,97722,Faridabad
105,106,student106,BTECH,F,77,98,92951,Delhi
106,107,student107,BBA,M,80,98,93811,Noida
107,108,student108,MTech,M,40,51,81798,Faridabad
108,109,student109,BTECH,F,63,90,82789,Delhi
109,110,student110,MBA,F,64,71,83881,Noida
110,111,student111,BTECH,M,86,95,79697,Noida
111,112,student112,MTech,M,65,68,98737,Gurugram
112,113,student113,BBA,M,82,40,98661,Faridabad
113,114,student114,BTECH,M,72,68,91674,Delhi
114,115,student115,BBA,M,53,47,58925,Gurugram
115,116,student116,NotAvaialble,M,86,57,93453,Delhi
116,117,student117,NotAvaialble,M,82,88,63140,Noida
117,118,student118,BBA,F,75,72,80782,Delhi
118,119,student119,MBA,F,60,77,76246,Delhi
119,120,student120,NotAvaialble,F,75,57,52996,Faridabad
120,121,student121,MTech,F,41,53,50705,Gurugram
121,122,student122,MTech,M,72,85,77951,Faridabad
122,123,student123,NotAvaialble,M,64,47,78672,Delhi
123,124,student124,BBA,M,43,57,93136,Delhi
124,125,student125,BTECH,F,98,64,92353,Gurugram
125,126,student126,BTECH,M,57,79,56164,Noida
126,127,student127,MTech,M,87,51,97216,Delhi
127,128,student128,MTech,M,90,90,99657,Faridabad
128,129,student129,MBA,M,57,52,80329,Gurugram
129,130,student130,MTech,F,74,42,50764,Noida
130,131,student131,BTECH,M,75,60,57290,Faridabad
131,132,student132,BTECH,M,55,54,91103,Gurugram
132,133,student133,MTech,F,51,64,92559,Delhi
133,134,student134,MTech,M,43,79,72706,Faridabad
134,135,student135,MBA,M,63,68,53623,Delhi
135,136,student136,BBA,F,84,96,81877,Gurugram
136,137,student137,MBA,F,47,40,94575,Gurugram
137,138,student138,NotAvaialble,M,45,71,77855,Delhi
138,139,student139,BTECH,M,70,43,67058,Delhi
139,140,student140,MTech,M,52,41,95519,Delhi
140,141,student141,NotAvaialble,F,57,74,97220,Noida
141,142,student142,MBA,F,88,48,59228,Delhi
142,143,student143,MTech,F,72,60,63398,Faridabad
143,144,student144,BTECH,M,42,88,73562,Delhi
144,145,student145,MBA,F,83,84,96872,Delhi
145,146,student146,MBA,F,48,90,54914,Faridabad
146,147,student147,BBA,F,44,97,94886,Noida
147,148,student148,BTECH,M,58,45,90772,Delhi
148,149,student149,BBA,M,48,67,99695,Faridabad
149,150,student150,NotAvaialble,F,69,82,64023,Gurugram
150,151,student151,BTECH,M,71,98,73331,Gurugram
151,152,student152,MTech,M,40,52,95912,Gurugram
152,153,student153,BTECH,M,71,83,75611,Faridabad
153,154,student154,BTECH,M,72,71,63145,Gurugram
154,155,student155,MBA,M,60,49,78735,Gurugram
155,156,student156,NotAvaialble,F,94,86,59197,Gurugram
156,157,student157,BBA,F,75,91,75705,Noida
157,158,student158,NotAvaialble,M,70,72,63050,Noida
158,159,student159,MTech,F,93,80,51474,Delhi
159,160,student160,BBA,M,95,83,83966,Delhi
160,161,student161,MTech,F,55,44,68823,Delhi
161,162,student162,MBA,M,82,46,52995,Delhi
162,163,student163,MBA,F,53,63,54948,Faridabad
163,164,student164,NotAvaialble,M,79,68,79965,Delhi
164,165,student165,MTech,M,77,51,64697,Faridabad
165,166,student166,BTECH,F,96,65,85126,Noida
166,167,student167,BBA,F,83,41,93032,Gurugram
167,168,student168,BBA,F,72,74,50957,Delhi
168,169,student169,MBA,F,52,86,82462,Noida
169,170,student170,NotAvaialble,F,89,74,67952,Faridabad
170,171,student171,BTECH,M,81,63,92124,Delhi
171,172,student172,MTech,F,48,43,70839,Delhi
172,173,student173,BTECH,F,41,74,84577,Noida
173,174,student174,MBA,M,46,57,53730,Faridabad
174,175,student175,BBA,F,81,57,90101,Noida
175,176,student176,BTECH,M,49,95,59690,Faridabad
176,177,student177,BBA,F,80,47,50155,Delhi
177,178,student178,NotAvaialble,F,69,74,95147,Delhi
178,179,student179,BBA,M,79,75,58407,Noida
179,180,student180,BTECH,F,60,89,99621,Gurugram
180,181,student181,BBA,M,66,41,55726,Delhi
181,182,student182,MTech,F,66,96,71311,Gurugram
182,183,student183,MBA,M,63,60,65348,Noida
183,184,student184,BBA,M,49,85,80302,Faridabad
184,185,student185,MTech,M,96,49,50855,Faridabad
185,186,student186,BBA,F,96,86,96974,Gurugram
186,187,student187,BBA,F,40,49,52233,Delhi
187,188,student188,BTECH,M,96,95,69105,Noida
188,189,student189,NotAvaialble,F,92,51,98044,Faridabad
189,190,student190,MBA,M,65,64,61232,Faridabad
190,191,student191,NotAvaialble,M,94,60,68481,Delhi
191,192,student192,BBA,M,80,78,57559,Noida
192,193,student193,BTECH,M,40,90,71078,Delhi
193,194,student194,BTECH,F,90,64,73514,Delhi
194,195,student195,MTech,F,41,45,96266,Gurugram
195,196,student196,MBA,M,85,41,51679,Faridabad
196,197,student197,MTech,F,68,43,98489,Noida
197,198,student198,BTECH,M,57,61,68419,Faridabad
198,199,student199,MTech,M,54,74,68869,Faridabad
199,200,student200,MTech,M,40,62,74922,Noida
200,201,student201,BBA,F,47,68,81656,Delhi
201,202,student202,BTECH,M,56,81,91291,Noida
202,203,student203,MTech,F,69,55,93105,Faridabad
203,204,student204,BBA,F,46,95,75617,Delhi
204,205,student205,BTECH,F,77,49,86171,Delhi
205,206,student206,BBA,F,93,65,90382,Gurugram
206,207,student207,BTECH,M,48,81,69329,Noida
207,208,student208,NotAvaialble,M,70,74,89830,Noida
208,209,student209,MBA,M,79,67,88882,Faridabad
209,210,student210,NotAvaialble,M,71,81,87710,Delhi
210,211,student211,MBA,M,74,58,87041,Noida
211,212,student212,BTECH,M,91,88,95772,Delhi
212,213,student213,MBA,M,90,50,87185,Gurugram
213,214,student214,NotAvaialble,M,66,44,74800,Gurugram
214,215,student215,NotAvaialble,F,73,92,70084,Gurugram
215,216,student216,NotAvaialble,M,79,57,61606,Faridabad
216,217,student217,MBA,F,43,69,94166,Gurugram
217,218,student218,BTECH,M,54,75,62667,Gurugram
218,219,student219,MTech,F,97,83,86628,Faridabad
219,220,student220,MBA,M,61,86,76795,Delhi
220,221,student221,BTECH,M,90,81,78432,Delhi
221,222,student222,BBA,F,78,93,86317,Delhi
222,223,student223,MBA,M,71,82,59810,Delhi
223,224,student224,MTech,M,72,79,76442,Delhi
224,225,student225,BBA,M,88,65,58288,Noida
225,226,student226,MTech,F,40,54,81005,Faridabad
226,227,student227,NotAvaialble,M,56,68,59966,Noida
227,228,student228,BBA,M,91,74,76642,Delhi
228,229,student229,NotAvaialble,F,70,91,84474,Delhi
229,230,student230,BBA,M,86,62,58456,Faridabad
230,231,student231,BTECH,M,95,44,91620,Gurugram
231,232,student232,BTECH,F,60,94,75894,Faridabad
232,233,student233,BBA,F,76,81,74157,Faridabad
233,234,student234,MBA,F,93,89,54828,Gurugram
234,235,student235,BBA,M,58,97,93844,Delhi
235,236,student236,NotAvaialble,F,60,86,54003,Delhi
236,237,student237,BBA,M,66,45,52453,Gurugram
237,238,student238,BBA,F,81,46,79355,Noida
238,239,student239,BBA,M,84,61,62173,Faridabad
239,240,student240,MTech,M,48,61,94456,Delhi
240,241,student241,MTech,F,98,94,85679,Noida
241,242,student242,NotAvaialble,M,50,74,94618,Noida
242,243,student243,MTech,M,67,76,88400,Gurugram
243,244,student244,MBA,M,94,91,98963,Gurugram
244,245,student245,MTech,M,97,88,65102,Delhi
245,246,student246,BBA,F,59,41,94996,Noida
246,247,student247,BTECH,M,73,99,71886,Faridabad
247,248,student248,NotAvaialble,F,58,69,59636,Delhi
248,249,student249,BBA,F,87,86,99659,Delhi
249,250,student250,BTECH,F,70,82,92739,Faridabad
250,251,student251,NotAvaialble,F,42,41,88342,Noida
251,252,student252,BBA,M,47,57,57325,Delhi
252,253,student253,NotAvaialble,M,50,92,54330,Gurugram
253,254,student254,BBA,M,71,68,80944,Gurugram
254,255,student255,MTech,F,97,74,52185,Gurugram
255,256,student256,BTECH,F,76,69,87752,Delhi
256,257,student257,MTech,F,97,75,97720,Gurugram
257,258,student258,BTECH,F,67,46,92973,Gurugram
258,259,student259,BBA,M,87,60,60996,Noida
259,260,student260,MTech,M,89,99,74600,Noida
260,261,student261,BBA,M,43,80,58918,Delhi
261,262,student262,MTech,M,60,62,53169,Delhi
262,263,student263,BTECH,F,95,99,65937,Delhi
263,264,student264,BTECH,M,87,97,92181,Noida
264,265,student265,MTech,M,95,49,86398,Gurugram
265,266,student266,MTech,F,54,55,93042,Delhi
266,267,student267,MTech,M,86,78,50172,Delhi
267,268,student268,MTech,M,46,76,64692,Faridabad
268,269,student269,BTECH,M,96,81,50367,Noida
269,270,student270,NotAvaialble,M,79,52,54109,Delhi
270,271,student271,MBA,F,66,50,63107,Delhi
271,272,student272,BBA,M,76,42,74212,Faridabad
272,273,student273,BBA,M,43,45,50757,Delhi
273,274,student274,MBA,M,73,49,97279,Delhi
274,275,student275,MTech,M,44,96,76095,Gurugram
275,276,student276,MBA,M,42,97,51837,Faridabad
276,277,student277,NotAvaialble,M,63,42,64946,Gurugram
277,278,student278,BTECH,M,72,85,77399,Noida
278,279,student279,NotAvaialble,F,83,42,71958,Faridabad
279,280,student280,BBA,F,51,66,67399,Gurugram
280,281,student281,MTech,F,62,40,74758,Delhi
281,282,student282,MTech,F,61,94,67390,Faridabad
282,283,student283,MTech,M,78,83,93310,Delhi
283,284,student284,BBA,M,52,43,64327,Gurugram
284,285,student285,NotAvaialble,M,54,89,50854,Gurugram
285,286,student286,MBA,M,68,43,70438,Delhi
286,287,student287,BTECH,F,71,99,89448,Delhi
287,288,student288,BBA,F,59,71,98063,Delhi
288,289,student289,BTECH,F,89,64,86574,Noida
289,290,student290,MBA,F,94,65,72074,Gurugram
290,291,student291,BTECH,M,47,80,82748,Noida
291,292,student292,MBA,M,84,97,53282,Noida
292,293,student293,BBA,M,66,40,55101,Faridabad
293,294,student294,MBA,F,97,51,85833,Delhi
294,295,student295,MBA,M,78,59,96864,Delhi
295,296,student296,BTECH,M,90,45,70699,Delhi
296,297,student297,BBA,M,90,95,81751,Faridabad
297,298,student298,MBA,F,77,92,66686,Delhi
298,299,student299,MTech,M,77,46,85450,Delhi
299,300,student300,MBA,M,45,68,56863,Delhi
300,301,student301,NotAvaialble,M,45,87,50909,Noida
301,302,student302,NotAvaialble,F,84,51,96684,Noida
302,303,student303,NotAvaialble,M,93,83,72680,Noida
303,304,student304,MTech,M,49,91,96591,Noida
304,305,student305,BTECH,F,83,97,64937,Noida
305,306,student306,MBA,M,96,73,82905,Faridabad
306,307,student307,MBA,F,97,64,93484,Delhi
307,308,student308,BBA,F,91,68,63686,Delhi
308,309,student309,MTech,F,63,93,70465,Delhi
309,310,student310,MTech,M,81,99,91269,Gurugram
310,311,student311,MBA,M,57,52,68790,Noida
311,312,student312,BBA,F,49,54,71335,Delhi
312,313,student313,NotAvaialble,F,40,77,97941,Delhi
313,314,student314,BBA,M,96,57,52984,Noida
314,315,student315,MTech,F,87,73,96174,Delhi
315,316,student316,BTECH,F,85,97,98475,Noida
316,317,student317,BTECH,M,45,40,70312,Delhi
317,318,student318,MTech,M,59,93,62881,Delhi
318,319,student319,MBA,F,66,52,86691,Faridabad
319,320,student320,MTech,M,65,60,54015,Faridabad
320,321,student321,BBA,M,64,76,95853,Delhi
321,322,student322,NotAvaialble,M,43,49,70081,Noida
322,323,student323,MBA,F,73,40,62981,Gurugram
323,324,student324,BTECH,F,66,80,56220,Delhi
324,325,student325,MBA,M,76,53,56099,Delhi
325,326,student326,MBA,F,49,84,97392,Delhi
326,327,student327,NotAvaialble,M,81,73,90028,Noida
327,328,student328,BTECH,F,91,53,64312,Delhi
328,329,student329,NotAvaialble,M,47,83,79209,Delhi
329,330,student330,BBA,M,60,92,57604,Faridabad
330,331,student331,MBA,M,89,55,70498,Gurugram
331,332,student332,NotAvaialble,M,63,63,81527,Delhi
332,333,student333,BTECH,F,80,63,80086,Faridabad
333,334,student334,BBA,F,43,64,73334,Gurugram
334,335,student335,BTECH,M,90,42,51632,Delhi
335,336,student336,BBA,F,92,60,59788,Delhi
336,337,student337,BTECH,M,91,90,78428,Gurugram
337,338,student338,NotAvaialble,F,72,74,86101,Faridabad
338,339,student339,MBA,F,97,80,69688,Delhi
339,340,student340,MBA,F,96,43,73710,Delhi
340,341,student341,BBA,M,59,67,93977,Faridabad
341,342,student342,MTech,F,71,85,75863,Noida
342,343,student343,BTECH,F,45,62,62196,Faridabad
343,344,student344,BBA,M,76,49,66875,Delhi
344,345,student345,MTech,F,67,71,51273,Noida
345,346,student346,MBA,F,71,80,97037,Delhi
346,347,student347,NotAvaialble,M,52,60,89788,Faridabad
347,348,student348,MTech,M,64,46,57597,Gurugram
348,349,student349,NotAvaialble,M,99,97,99668,Delhi
349,350,student350,MTech,F,96,43,65205,Delhi
350,351,student351,BBA,M,65,52,59851,Noida
351,352,student352,NotAvaialble,M,74,68,55654,Noida
352,353,student353,MBA,M,86,82,87760,Noida
353,354,student354,BBA,M,41,41,84195,Delhi
354,355,student355,MBA,M,72,67,60208,Gurugram
355,356,student356,MTech,M,40,51,94109,Faridabad
356,357,student357,MBA,F,69,63,77553,Gurugram
357,358,student358,BTECH,F,86,71,62708,Delhi
358,359,student359,NotAvaialble,F,52,59,58418,Noida
359,360,student360,BBA,M,54,87,97502,Faridabad
360,361,student361,MBA,F,67,67,85013,Faridabad
361,362,student362,BBA,M,95,97,58156,Delhi
362,363,student363,BTECH,M,84,69,72656,Noida
363,364,student364,MBA,F,82,73,99502,Faridabad
364,365,student365,BBA,M,51,51,71155,Gurugram
365,366,student366,MTech,M,67,40,54887,Delhi
366,367,student367,MTech,M,60,83,58266,Noida
367,368,student368,MBA,M,75,59,59136,Delhi
368,369,student369,BTECH,M,57,74,83274,Faridabad
369,370,student370,BBA,F,64,64,93052,Noida
370,371,student371,MBA,M,88,98,95307,Noida
371,372,student372,MBA,F,48,63,80410,Noida
372,373,student373,NotAvaialble,M,98,97,51964,Delhi
373,374,student374,NotAvaialble,F,90,44,71702,Delhi
374,375,student375,BBA,F,45,42,55724,Gurugram
375,376,student376,BTECH,M,98,80,65791,Delhi
376,377,student377,NotAvaialble,M,59,42,67845,Faridabad
377,378,student378,NotAvaialble,M,73,42,86906,Delhi
378,379,student379,BTECH,F,40,90,92750,Gurugram
379,380,student380,MTech,M,42,60,61267,Delhi
380,381,student381,MBA,M,88,59,52162,Faridabad
381,382,student382,BBA,M,99,79,74279,Noida
382,383,student383,MBA,M,70,43,58774,Delhi
383,384,student384,MTech,F,42,99,72774,Delhi
384,385,student385,MBA,M,81,75,77972,Noida
385,386,student386,MTech,M,72,73,68821,Delhi
386,387,student387,BBA,M,64,84,97678,Delhi
387,388,student388,NotAvaialble,F,72,74,51760,Delhi
388,389,student389,MBA,M,99,46,80287,Noida
389,390,student390,MTech,M,92,97,99173,Noida
390,391,student391,BTECH,F,81,90,53347,Delhi
391,392,student392,BBA,F,49,44,95741,Faridabad
392,393,student393,BBA,M,76,91,78958,Delhi
393,394,student394,BBA,F,67,64,52782,Faridabad
394,395,student395,NotAvaialble,F,75,51,89615,Delhi
395,396,student396,MTech,F,93,75,61067,Faridabad
396,397,student397,MTech,M,89,55,94340,Delhi
397,398,student398,NotAvaialble,M,41,57,50878,Noida
398,399,student399,NotAvaialble,F,91,80,90249,Delhi
399,400,student400,MTech,M,44,98,62586,Gurugram
400,401,student401,BBA,M,97,53,90849,Faridabad
401,402,student402,BBA,M,91,64,74044,Delhi
402,403,student403,MTech,M,97,44,95042,Delhi
403,404,student404,BTECH,M,75,95,80125,Delhi
404,405,student405,MBA,F,98,82,81687,Delhi
405,406,student406,MBA,F,70,91,98287,Faridabad
406,407,student407,MTech,F,90,79,98979,Noida
407,408,student408,MTech,M,47,40,96381,Faridabad
408,409,student409,BTECH,F,43,92,77683,Faridabad
409,410,student410,MBA,F,93,93,71517,Faridabad
410,411,student411,MBA,F,40,90,56826,Noida
411,412,student412,BTECH,M,84,53,85919,Gurugram
412,413,student413,MTech,F,68,65,90878,Delhi
413,414,student414,BTECH,M,90,56,75682,Delhi
414,415,student415,MBA,M,59,52,54230,Noida
415,416,student416,BBA,M,96,92,58354,Delhi
416,417,student417,BTECH,F,69,68,76647,Gurugram
417,418,student418,MTech,F,97,66,65038,Delhi
418,419,student419,NotAvaialble,F,90,86,66722,Delhi
419,420,student420,MTech,F,74,88,85165,Gurugram
420,421,student421,NotAvaialble,M,62,58,64417,Delhi
421,422,student422,NotAvaialble,M,69,79,61229,Noida
422,423,student423,MTech,F,88,89,92054,Gurugram
423,424,student424,BTECH,F,48,91,52303,Delhi
424,425,student425,BBA,M,43,65,53966,Delhi
425,426,student426,BTECH,F,72,56,54620,Faridabad
426,427,student427,BBA,F,83,63,71772,Delhi
427,428,student428,MTech,M,76,51,63385,Noida
428,429,student429,MBA,F,48,45,80310,Gurugram
429,430,student430,BTECH,M,47,80,95876,Delhi
430,431,student431,NotAvaialble,M,48,48,86770,Noida
431,432,student432,NotAvaialble,M,95,58,73604,Noida
432,433,student433,MBA,F,59,41,78111,Delhi
433,434,student434,BTECH,M,89,51,71434,Noida
434,435,student435,NotAvaialble,M,64,48,92371,Noida
435,436,student436,MTech,M,96,80,80749,Faridabad
436,437,student437,BTECH,M,99,89,99522,Faridabad
437,438,student438,NotAvaialble,F,71,89,78268,Delhi
438,439,student439,MBA,F,81,76,98561,Faridabad
439,440,student440,NotAvaialble,M,73,89,74337,Delhi
440,441,student441,MTech,F,51,65,59998,Faridabad
441,442,student442,BBA,M,64,68,93407,Faridabad
442,443,student443,NotAvaialble,M,58,44,77044,Gurugram
443,444,student444,MBA,M,69,60,70366,Faridabad
444,445,student445,MTech,M,96,90,91545,Noida
445,446,student446,MTech,M,96,94,99534,Delhi
446,447,student447,NotAvaialble,F,54,90,70499,Delhi
447,448,student448,MTech,F,59,60,69819,Delhi
448,449,student449,BBA,M,78,94,59867,Gurugram
449,450,student450,MBA,M,41,99,92160,Delhi
450,451,student451,BTECH,M,61,90,68139,Delhi
451,452,student452,NotAvaialble,M,59,80,56168,Faridabad
452,453,student453,NotAvaialble,M,54,76,87257,Delhi
453,454,student454,BBA,M,47,93,91505,Delhi
454,455,student455,NotAvaialble,M,82,88,79903,Delhi
455,456,student456,BTECH,M,52,99,97245,Gurugram
456,457,student457,NotAvaialble,M,54,92,51742,Delhi
457,458,student458,BTECH,M,92,53,56820,Gurugram
458,459,student459,BTECH,M,91,59,58324,Faridabad
459,460,student460,BBA,M,72,55,79056,Delhi
460,461,student461,BTECH,F,95,91,98774,Delhi
461,462,student462,NotAvaialble,F,53,41,74745,Delhi
462,463,student463,BBA,M,40,71,60019,Noida
463,464,student464,NotAvaialble,F,58,82,69236,Faridabad
464,465,student465,BBA,F,99,88,64336,Gurugram
465,466,student466,BBA,F,96,99,63463,Noida
466,467,student467,NotAvaialble,M,58,81,70668,Delhi
467,468,student468,BTECH,M,70,94,52875,Delhi
468,469,student469,BBA,F,87,82,80941,Noida
469,470,student470,MBA,M,56,74,58028,Delhi
470,471,student471,NotAvaialble,F,83,62,80694,Delhi
471,472,student472,MTech,M,63,47,72180,Faridabad
472,473,student473,BTECH,F,43,75,87255,Gurugram
473,474,student474,MTech,M,44,76,62759,Noida
474,475,student475,MTech,F,53,74,66782,Noida
475,476,student476,NotAvaialble,M,91,71,94801,Noida
476,477,student477,MBA,M,41,80,68631,Gurugram
477,478,student478,MTech,M,44,65,59072,Delhi
478,479,student479,MBA,F,69,51,76800,Faridabad
479,480,student480,MBA,M,50,84,69656,Faridabad
480,481,student481,BBA,F,78,71,54100,Delhi
481,482,student482,MBA,M,86,52,51304,Delhi
482,483,student483,BBA,M,64,44,57671,Faridabad
483,484,student484,BTECH,M,67,86,76860,Delhi
484,485,student485,MTech,M,72,68,61134,Faridabad
485,486,student486,MTech,M,57,50,89759,Delhi
486,487,student487,BBA,M,80,43,68523,Gurugram
487,488,student488,NotAvaialble,M,97,40,56417,Delhi
488,489,student489,MTech,M,60,40,91350,Gurugram
489,490,student490,BTECH,M,78,78,87317,Delhi
490,491,student491,MTech,M,92,74,60142,Delhi
491,492,student492,MTech,F,66,91,92146,Delhi
492,493,student493,NotAvaialble,M,68,42,91949,Delhi
493,494,student494,MBA,M,50,56,88857,Faridabad
494,495,student495,BTECH,M,73,79,64638,Gurugram
495,496,student496,MTech,M,88,96,97280,Noida
496,497,student497,NotAvaialble,M,79,62,94619,Noida
497,498,student498,BBA,M,50,80,59936,Faridabad
498,499,student499,BTECH,F,81,93,80645,Delhi
499,500,student500,BBA,F,58,82,80496,Delhi
500,501,student501,MBA,F,78,44,53948,Gurugram
501,502,student502,NotAvaialble,M,75,70,85738,Gurugram
502,503,student503,BTECH,M,64,77,70651,Gurugram
503,504,student504,MTech,M,50,42,81298,Delhi
504,505,student505,NotAvaialble,M,63,51,83804,Faridabad
505,506,student506,BTECH,M,65,54,55391,Noida
506,507,student507,MBA,F,53,71,86298,Delhi
507,508,student508,BBA,M,85,78,88225,Delhi
508,509,student509,BTECH,F,60,95,75237,Noida
509,510,student510,MTech,M,97,99,70179,Noida
510,511,student511,MTech,M,95,44,76064,Noida
511,512,student512,BTECH,M,75,87,84910,Delhi
512,513,student513,MBA,M,49,69,71264,Faridabad
513,514,student514,BTECH,M,87,45,76438,Gurugram
514,515,student515,MTech,F,80,64,82010,Faridabad
515,516,student516,MTech,M,47,46,74431,Delhi
516,517,student517,NotAvaialble,F,42,62,89188,Gurugram
517,518,student518,BTECH,M,99,92,96304,Delhi
518,519,student519,MTech,F,64,64,64955,Gurugram
519,520,student520,BTECH,F,77,75,92694,Delhi
520,521,student521,MBA,F,59,93,68403,Delhi
521,522,student522,NotAvaialble,F,73,59,73716,Delhi
522,523,student523,MTech,M,78,53,87638,Faridabad
523,524,student524,BBA,M,61,78,90335,Noida
524,525,student525,NotAvaialble,M,47,66,85419,Faridabad
525,526,student526,MTech,F,86,90,96519,Gurugram
526,527,student527,MTech,F,63,92,83296,Gurugram
527,528,student528,BBA,F,64,96,72801,Delhi
528,529,student529,MTech,M,73,78,68624,Delhi
529,530,student530,NotAvaialble,M,83,86,78697,Delhi
530,531,student531,MBA,M,40,61,71710,Delhi
531,532,student532,MTech,M,73,83,64282,Delhi
532,533,student533,NotAvaialble,M,88,94,51528,Delhi
533,534,student534,MBA,F,47,74,77760,Delhi
534,535,student535,NotAvaialble,M,90,52,65846,Delhi
535,536,student536,BBA,F,83,61,96405,Gurugram
536,537,student537,MTech,M,71,70,84239,Delhi
537,538,student538,MBA,M,58,70,93809,Delhi
538,539,student539,BTECH,F,94,63,92788,Gurugram
539,540,student540,MBA,M,69,72,72704,Gurugram
540,541,student541,BTECH,M,75,75,82129,Delhi
541,542,student542,NotAvaialble,M,54,67,86572,Gurugram
542,543,student543,MTech,M,43,80,68926,Delhi
543,544,student544,MBA,M,76,42,68032,Delhi
544,545,student545,BBA,M,75,43,57706,Delhi
545,546,student546,MTech,M,72,49,97829,Delhi
546,547,student547,BBA,F,67,41,96249,Delhi
547,548,student548,MBA,F,63,66,87382,Delhi
548,549,student549,NotAvaialble,M,61,94,87456,Gurugram
549,550,student550,MBA,M,95,94,64926,Delhi
550,551,student551,MBA,M,74,51,55737,Delhi
551,552,student552,NotAvaialble,M,89,77,89570,Noida
552,553,student553,NotAvaialble,F,71,95,60505,Delhi
553,554,student554,BTECH,M,75,54,83701,Delhi
554,555,student555,BTECH,M,81,55,95253,Noida
555,556,student556,BTECH,F,67,63,73555,Delhi
556,557,student557,BTECH,M,41,93,86017,Faridabad
557,558,student558,BTECH,M,77,89,81630,Gurugram
558,559,student559,MTech,F,40,42,94025,Noida
559,560,student560,MBA,F,78,50,94112,Noida
560,561,student561,NotAvaialble,F,77,55,84420,Delhi
561,562,student562,NotAvaialble,F,51,74,99559,Delhi
562,563,student563,NotAvaialble,M,89,50,71263,Faridabad
563,564,student564,BBA,M,47,40,77979,Delhi
564,565,student565,BBA,M,53,61,54893,Delhi
565,566,student566,MTech,M,48,59,88668,Gurugram
566,567,student567,MBA,F,77,59,62953,Delhi
567,568,student568,BTECH,M,95,59,70268,Faridabad
568,569,student569,MTech,F,96,74,98157,Noida
569,570,student570,MBA,F,60,74,69163,Delhi
570,571,student571,BTECH,M,63,93,90819,Noida
571,572,student572,MTech,M,44,70,72549,Gurugram
572,573,student573,BTECH,M,61,42,50115,Delhi
573,574,student574,BTECH,M,43,62,69154,Noida
574,575,student575,MBA,M,74,58,60235,Faridabad
575,576,student576,NotAvaialble,F,57,57,72488,Faridabad
576,577,student577,BTECH,M,53,76,70013,Faridabad
577,578,student578,BBA,F,69,80,91802,Delhi
578,579,student579,BTECH,F,84,61,52926,Noida
579,580,student580,BBA,M,81,68,66237,Gurugram
580,581,student581,NotAvaialble,M,84,73,67178,Delhi
581,582,student582,MBA,F,71,86,64928,Delhi
582,583,student583,BBA,F,92,52,99289,Delhi
583,584,student584,BBA,F,96,97,99502,Delhi
584,585,student585,NotAvaialble,F,56,49,52270,Delhi
585,586,student586,BBA,F,91,54,76831,Delhi
586,587,student587,MTech,F,72,61,71695,Noida
587,588,student588,BTECH,M,61,73,53787,Faridabad
588,589,student589,MTech,M,57,60,54294,Delhi
589,590,student590,NotAvaialble,M,74,92,69768,Faridabad
590,591,student591,NotAvaialble,F,78,59,99920,Delhi
591,592,student592,NotAvaialble,F,94,52,72251,Delhi
592,593,student593,MBA,F,75,86,79236,Faridabad
593,594,student594,NotAvaialble,M,61,93,85841,Gurugram
594,595,student595,NotAvaialble,F,69,76,62505,Noida
595,596,student596,NotAvaialble,M,81,77,84872,Gurugram
596,597,student597,NotAvaialble,F,44,86,58218,Delhi
597,598,student598,MTech,M,96,69,62771,Delhi
598,599,student599,BBA,M,80,52,68643,Delhi
599,600,student600,MBA,M,70,94,57096,Delhi
600,601,student601,BBA,F,77,79,67724,Gurugram
601,602,student602,BTECH,F,94,62,67353,Delhi
602,603,student603,BBA,F,76,85,86251,Gurugram
603,604,student604,BBA,M,77,51,91978,Noida
604,605,student605,NotAvaialble,M,83,83,96487,Noida
605,606,student606,MTech,F,75,57,86078,Delhi
606,607,student607,BBA,F,66,56,78906,Gurugram
607,608,student608,BBA,M,98,88,79582,Delhi
608,609,student609,NotAvaialble,M,82,99,50254,Delhi
609,610,student610,MTech,M,76,75,57437,Faridabad
610,611,student611,BTECH,F,73,86,93171,Delhi
611,612,student612,MBA,F,68,59,51176,Delhi
612,613,student613,BBA,M,57,50,82571,Noida
613,614,student614,NotAvaialble,M,94,64,66327,Noida
614,615,student615,BBA,F,78,90,78829,Gurugram
615,616,student616,BTECH,F,78,80,96194,Delhi
616,617,student617,NotAvaialble,M,65,96,85395,Faridabad
617,618,student618,MTech,F,65,91,70095,Delhi
618,619,student619,BTECH,F,74,58,63917,Delhi
619,620,student620,NotAvaialble,M,44,46,82795,Delhi
620,621,student621,MBA,F,72,83,92666,Faridabad
621,622,student622,MBA,M,67,47,53704,Faridabad
622,623,student623,NotAvaialble,M,95,89,64031,Noida
623,624,student624,NotAvaialble,F,57,61,86952,Noida
624,625,student625,NotAvaialble,M,88,70,76315,Noida
625,626,student626,NotAvaialble,F,43,70,61611,Faridabad
626,627,student627,BBA,F,60,85,70620,Delhi
627,628,student628,MBA,M,84,59,84448,Gurugram
628,629,student629,BBA,M,96,42,86834,Delhi
629,630,student630,BTECH,M,84,70,64514,Faridabad
630,631,student631,MTech,F,53,69,53694,Delhi
631,632,student632,BBA,F,72,84,95132,Faridabad
632,633,student633,BBA,F,46,88,81134,Gurugram
633,634,student634,BBA,M,67,43,61067,Noida
634,635,student635,MBA,M,73,54,65577,Gurugram
635,636,student636,MTech,F,66,51,89115,Faridabad
636,637,student637,MTech,F,48,85,58670,Faridabad
637,638,student638,BTECH,F,57,68,58346,Delhi
638,639,student639,NotAvaialble,F,91,43,96678,Gurugram
639,640,student640,BBA,M,51,47,72116,Gurugram
640,641,student641,NotAvaialble,M,50,72,79460,Delhi
641,642,student642,MBA,F,95,71,89856,Gurugram
642,643,student643,MBA,M,62,79,73742,Noida
643,644,student644,NotAvaialble,F,83,90,91936,Delhi
644,645,student645,BTECH,F,63,46,80186,Gurugram
645,646,student646,BTECH,M,46,63,61850,Gurugram
646,647,student647,MTech,M,45,69,76603,Delhi
647,648,student648,MBA,F,98,50,75950,Faridabad
648,649,student649,MBA,F,67,79,81795,Delhi
649,650,student650,BTECH,M,85,82,90811,Gurugram
650,651,student651,NotAvaialble,F,46,53,88784,Delhi
651,652,student652,BBA,F,59,66,84062,Faridabad
652,653,student653,BTECH,F,89,97,86705,Delhi
653,654,student654,BBA,M,74,65,80133,Noida
654,655,student655,MBA,M,75,96,76149,Delhi
655,656,student656,NotAvaialble,M,49,78,93589,Delhi
656,657,student657,MBA,M,68,64,93208,Gurugram
657,658,student658,MBA,F,81,43,93141,Gurugram
658,659,student659,MTech,F,55,44,96299,Delhi
659,660,student660,MTech,M,98,56,76703,Delhi
660,661,student661,BTECH,M,72,99,91385,Noida
661,662,student662,NotAvaialble,F,79,93,56324,Delhi
662,663,student663,NotAvaialble,F,47,42,77116,Faridabad
663,664,student664,NotAvaialble,F,83,64,70896,Gurugram
664,665,student665,MTech,M,52,50,92673,Delhi
665,666,student666,BBA,M,61,72,79321,Faridabad
666,667,student667,BTECH,M,66,65,79926,Noida
667,668,student668,NotAvaialble,M,69,40,67888,Faridabad
668,669,student669,BTECH,F,91,49,90446,Noida
669,670,student670,NotAvaialble,M,96,71,99221,Delhi
670,671,student671,MBA,F,42,59,59047,Gurugram
671,672,student672,MTech,F,99,64,54312,Gurugram
672,673,student673,MTech,F,45,63,95593,Faridabad
673,674,student674,MTech,F,55,76,92761,Delhi
674,675,student675,BBA,M,94,73,62203,Delhi
675,676,student676,NotAvaialble,M,63,98,99132,Delhi
676,677,student677,BBA,F,60,79,80002,Delhi
677,678,student678,NotAvaialble,F,48,77,61689,Delhi
678,679,student679,MTech,M,60,54,66407,Faridabad
679,680,student680,NotAvaialble,F,91,65,56352,Delhi
680,681,student681,BTECH,F,80,97,64075,Faridabad
681,682,student682,BTECH,M,43,42,98792,Delhi
682,683,student683,BBA,F,87,41,59744,Delhi
683,684,student684,BTECH,M,75,76,60889,Delhi
684,685,student685,BTECH,F,86,76,99036,Faridabad
685,686,student686,BTECH,M,67,71,78666,Gurugram
686,687,student687,MTech,F,61,46,52302,Faridabad
687,688,student688,BTECH,F,93,91,63981,Gurugram
688,689,student689,BBA,M,45,90,92142,Gurugram
689,690,student690,MTech,F,48,78,90944,Delhi
690,691,student691,MBA,F,70,42,60855,Noida
691,692,student692,BTECH,M,85,85,70960,Noida
692,693,student693,BTECH,M,85,95,72914,Faridabad
693,694,student694,MBA,F,70,97,78422,Delhi
694,695,student695,BTECH,F,44,51,74929,Delhi
695,696,student696,BBA,M,42,77,51584,Faridabad
696,697,student697,MTech,F,69,83,70283,Noida
697,698,student698,MBA,F,73,45,52061,Delhi
698,699,student699,BTECH,F,62,83,56129,Noida
699,700,student700,MBA,F,75,67,52417,Gurugram
700,701,student701,BTECH,F,70,73,85473,Delhi
701,702,student702,NotAvaialble,F,59,77,92394,Noida
702,703,student703,NotAvaialble,M,72,54,92860,Delhi
703,704,student704,BTECH,F,57,66,57068,Delhi
704,705,student705,BBA,F,53,90,96057,Gurugram
705,706,student706,BBA,M,49,81,61887,Delhi
706,707,student707,MTech,M,80,44,62573,Faridabad
707,708,student708,BBA,F,70,76,71798,Delhi
708,709,student709,MTech,F,64,46,72869,Faridabad
709,710,student710,BBA,M,90,73,77560,Faridabad
710,711,student711,MTech,F,45,61,53985,Delhi
711,712,student712,NotAvaialble,M,75,80,57977,Delhi
712,713,student713,BBA,M,86,49,81259,Noida
713,714,student714,BBA,F,57,78,50606,Delhi
714,715,student715,MTech,M,64,53,50654,Delhi
715,716,student716,BBA,M,58,43,64933,Delhi
716,717,student717,BBA,M,78,95,52258,Delhi
717,718,student718,BBA,M,43,84,63278,Delhi
718,719,student719,BTECH,F,62,74,94673,Faridabad
719,720,student720,MTech,M,85,84,76302,Faridabad
720,721,student721,BTECH,F,48,62,71854,Noida
721,722,student722,BTECH,M,77,93,80635,Noida
722,723,student723,MBA,F,55,74,87557,Delhi
723,724,student724,NotAvaialble,F,72,50,62208,Faridabad
724,725,student725,NotAvaialble,M,86,83,57355,Delhi
725,726,student726,MTech,F,72,75,57733,Gurugram
726,727,student727,BBA,M,82,92,85702,Gurugram
727,728,student728,NotAvaialble,M,67,60,89664,Gurugram
728,729,student729,BBA,M,92,88,53205,Delhi
729,730,student730,NotAvaialble,F,53,65,77806,Faridabad
730,731,student731,BBA,F,96,50,76609,Faridabad
731,732,student732,MTech,M,46,41,70841,Gurugram
732,733,student733,MTech,M,60,61,83128,Noida
733,734,student734,BBA,M,96,60,97113,Delhi
734,735,student735,BTECH,F,90,62,88728,Delhi
735,736,student736,MBA,M,91,41,64448,Delhi
736,737,student737,MBA,F,88,79,81497,Delhi
737,738,student738,NotAvaialble,M,69,40,78129,Noida
738,739,student739,BBA,M,78,56,92979,Gurugram
739,740,student740,BBA,M,56,62,70508,Gurugram
740,741,student741,BTECH,F,97,94,93947,Noida
741,742,student742,MBA,F,96,98,54572,Gurugram
742,743,student743,NotAvaialble,F,56,91,53645,Delhi
743,744,student744,MTech,M,43,62,97151,Gurugram
744,745,student745,MBA,F,84,89,60349,Noida
745,746,student746,NotAvaialble,M,98,87,66782,Delhi
746,747,student747,BTECH,M,82,72,62538,Delhi
747,748,student748,MBA,F,95,74,99178,Faridabad
748,749,student749,NotAvaialble,F,83,94,64600,Delhi
749,750,student750,MBA,M,65,78,53723,Gurugram
750,751,student751,MTech,F,51,56,92037,Gurugram
751,752,student752,MTech,M,57,57,85791,Noida
752,753,student753,MTech,F,89,81,73721,Noida
753,754,student754,BBA,F,86,75,77111,Noida
754,755,student755,BTECH,M,54,47,77828,Faridabad
755,756,student756,NotAvaialble,F,60,73,89687,Gurugram
756,757,student757,BTECH,F,89,82,92790,Faridabad
757,758,student758,BBA,M,79,44,97122,Noida
758,759,student759,NotAvaialble,F,73,69,78566,Delhi
759,760,student760,BBA,M,83,60,69319,Faridabad
760,761,student761,BBA,F,55,89,87696,Faridabad
761,762,student762,BBA,M,90,75,62833,Noida
762,763,student763,BTECH,F,41,93,94192,Delhi
763,764,student764,MTech,M,81,97,50885,Delhi
764,765,student765,MBA,M,61,60,60081,Delhi
765,766,student766,MTech,M,94,95,77578,Faridabad
766,767,student767,BTECH,F,97,74,65454,Noida
767,768,student768,MTech,M,81,90,61042,Delhi
768,769,student769,MTech,F,92,48,74760,Delhi
769,770,student770,NotAvaialble,M,75,90,79733,Faridabad
770,771,student771,MBA,F,82,77,59698,Noida
771,772,student772,MBA,M,43,50,50060,Delhi
772,773,student773,NotAvaialble,F,92,45,50160,Delhi
773,774,student774,BBA,M,78,49,82652,Noida
774,775,student775,BBA,M,43,62,66300,Noida
775,776,student776,BTECH,F,67,59,62431,Faridabad
776,777,student777,MTech,F,69,94,68909,Noida
777,778,student778,NotAvaialble,F,79,89,73402,Faridabad
778,779,student779,MBA,F,99,51,53792,Faridabad
779,780,student780,BBA,M,63,68,51018,Faridabad
780,781,student781,MBA,F,56,72,84883,Delhi
781,782,student782,MBA,M,52,89,64502,Delhi
782,783,student783,MTech,F,43,56,84600,Faridabad
783,784,student784,NotAvaialble,M,90,43,79807,Delhi
784,785,student785,BTECH,F,55,79,63246,Delhi
785,786,student786,MBA,M,99,75,50382,Delhi
786,787,student787,BBA,M,95,99,85125,Delhi
787,788,student788,BBA,M,75,82,57343,Delhi
788,789,student789,BTECH,M,44,57,82252,Faridabad
789,790,student790,BBA,F,92,53,76540,Delhi
790,791,student791,MTech,M,50,51,68894,Faridabad
791,792,student792,BTECH,F,79,45,85624,Faridabad
792,793,student793,MTech,F,71,46,61886,Delhi
793,794,student794,MTech,F,44,44,87296,Delhi
794,795,student795,BTECH,M,54,53,68380,Delhi
795,796,student796,MTech,M,92,73,99682,Delhi
796,797,student797,BTECH,F,91,55,61633,Gurugram
797,798,student798,BBA,F,69,92,90756,Noida
798,799,student799,BBA,F,93,83,68890,Gurugram
799,800,student800,MTech,F,43,88,55848,Delhi
800,801,student801,BTECH,F,91,71,69423,Noida
801,802,student802,NotAvaialble,F,45,50,82087,Noida
802,803,student803,MTech,F,93,66,75325,Delhi
803,804,student804,MTech,F,54,67,92552,Gurugram
804,805,student805,MTech,M,97,64,62872,Delhi
805,806,student806,BBA,F,47,69,56748,Noida
806,807,student807,NotAvaialble,M,73,73,91313,Faridabad
807,808,student808,NotAvaialble,F,87,61,64969,Faridabad
808,809,student809,MTech,F,46,98,94384,Delhi
809,810,student810,BBA,F,50,70,86034,Noida
810,811,student811,BTECH,F,47,89,96888,Delhi
811,812,student812,MBA,M,44,98,75067,Gurugram
812,813,student813,BBA,M,77,94,55708,Delhi
813,814,student814,BTECH,M,94,87,68620,Gurugram
814,815,student815,BTECH,M,45,46,57412,Gurugram
815,816,student816,MTech,M,89,48,51932,Faridabad
816,817,student817,MTech,M,77,88,53137,Noida
817,818,student818,MTech,M,75,51,99543,Noida
818,819,student819,MBA,F,97,93,65477,Delhi
819,820,student820,MTech,F,97,86,55475,Faridabad
820,821,student821,MTech,M,61,72,58160,Gurugram
821,822,student822,MBA,M,96,85,78303,Noida
822,823,student823,NotAvaialble,M,69,66,71175,Delhi
823,824,student824,MTech,F,49,89,70450,Faridabad
824,825,student825,MTech,M,86,76,52440,Delhi
825,826,student826,NotAvaialble,M,63,88,82487,Delhi
826,827,student827,NotAvaialble,M,78,53,89898,Faridabad
827,828,student828,BTECH,M,43,92,98779,Gurugram
828,829,student829,MBA,F,61,84,93087,Noida
829,830,student830,MBA,F,86,88,90355,Noida
830,831,student831,NotAvaialble,M,86,69,91096,Gurugram
831,832,student832,MBA,M,44,40,59956,Delhi
832,833,student833,BTECH,M,70,52,60973,Delhi
833,834,student834,NotAvaialble,F,69,83,55143,Faridabad
834,835,student835,NotAvaialble,F,50,93,50882,Delhi
835,836,student836,BBA,M,43,49,57438,Noida
836,837,student837,BBA,F,63,55,68616,Gurugram
837,838,student838,BBA,F,48,58,75586,Delhi
838,839,student839,BTECH,F,87,40,63207,Noida
839,840,student840,MBA,F,93,92,67052,Gurugram
840,841,student841,NotAvaialble,M,86,95,60961,Faridabad
841,842,student842,MTech,M,76,81,65347,Delhi
842,843,student843,MTech,M,98,43,80688,Gurugram
843,844,student844,BBA,M,71,93,58299,Noida
844,845,student845,BTECH,F,57,97,86947,Delhi
845,846,student846,NotAvaialble,M,69,82,51689,Delhi
846,847,student847,BTECH,M,94,82,95527,Faridabad
847,848,student848,MTech,M,79,59,59127,Faridabad
848,849,student849,BTECH,M,83,47,57744,Noida
849,850,student850,MBA,M,71,48,54114,Gurugram
850,851,student851,BBA,M,46,56,89613,Noida
851,852,student852,BTECH,M,82,94,64824,Delhi
852,853,student853,BTECH,M,75,68,96144,Faridabad
853,854,student854,BTECH,F,91,46,90910,Gurugram
854,855,student855,BBA,M,67,51,86636,Noida
855,856,student856,BTECH,M,59,43,80493,Noida
856,857,student857,NotAvaialble,M,78,76,57281,Gurugram
857,858,student858,NotAvaialble,M,69,86,89676,Faridabad
858,859,student859,BTECH,M,90,50,81699,Noida
859,860,student860,BBA,M,82,80,67394,Faridabad
860,861,student861,BTECH,M,86,95,96111,Gurugram
861,862,student862,MTech,M,51,93,79431,Gurugram
862,863,student863,BBA,M,60,91,85447,Noida
863,864,student864,BBA,F,48,47,96855,Delhi
864,865,student865,MBA,M,73,56,75488,Noida
865,866,student866,MBA,M,72,54,67379,Delhi
866,867,student867,MTech,F,64,90,65298,Delhi
867,868,student868,MBA,M,94,54,75490,Noida
868,869,student869,BBA,F,85,49,86199,Noida
869,870,student870,BTECH,M,97,52,81879,Noida
870,871,student871,NotAvaialble,F,53,45,95528,Faridabad
871,872,student872,BBA,M,53,53,53359,Gurugram
872,873,student873,BTECH,F,88,74,80805,Delhi
873,874,student874,BBA,F,95,59,61570,Delhi
874,875,student875,MBA,M,45,70,65491,Noida
875,876,student876,NotAvaialble,F,96,81,83945,Delhi
876,877,student877,MBA,M,75,66,56284,Faridabad
877,878,student878,MBA,M,79,68,52004,Gurugram
878,879,student879,MTech,M,41,94,66674,Noida
879,880,student880,BBA,F,88,76,77468,Delhi
880,881,student881,BTECH,F,60,43,67083,Gurugram
881,882,student882,NotAvaialble,M,93,94,92311,Delhi
882,883,student883,MBA,F,75,50,56496,Noida
883,884,student884,MBA,M,60,60,91656,Gurugram
884,885,student885,NotAvaialble,M,94,83,94122,Faridabad
885,886,student886,NotAvaialble,M,58,75,78483,Noida
886,887,student887,BTECH,M,54,74,85089,Delhi
887,888,student888,MBA,M,92,89,75717,Delhi
888,889,student889,MBA,M,63,80,73547,Noida
889,890,student890,MTech,M,50,72,88599,Gurugram
890,891,student891,BBA,F,99,49,96978,Gurugram
891,892,student892,BTECH,M,82,45,65597,Noida
892,893,student893,MBA,M,83,87,59201,Noida
893,894,student894,MTech,F,72,52,79445,Delhi
894,895,student895,MTech,M,89,40,57678,Delhi
895,896,student896,NotAvaialble,F,75,84,87858,Faridabad
896,897,student897,MTech,M,90,91,98940,Faridabad
897,898,student898,BBA,M,43,57,90652,Noida
898,899,student899,BTECH,M,77,73,66717,Noida
899,900,student900,BTECH,F,69,99,65168,Faridabad
900,901,student901,MTech,F,55,97,99264,Gurugram
901,902,student902,BTECH,F,80,54,94745,Gurugram
902,903,student903,NotAvaialble,M,43,55,91176,Gurugram
903,904,student904,BTECH,M,41,66,50191,Delhi
904,905,student905,BBA,F,75,68,98933,Noida
905,906,student906,BBA,F,52,96,62977,Noida
906,907,student907,MTech,M,96,92,97749,Delhi
907,908,student908,MBA,M,65,88,89132,Noida
908,909,student909,MTech,M,87,76,56807,Faridabad
909,910,student910,BTECH,F,41,82,71785,Noida
910,911,student911,BBA,M,68,57,86738,Delhi
911,912,student912,BBA,M,73,99,71740,Gurugram
912,913,student913,MTech,F,80,41,64103,Faridabad
913,914,student914,NotAvaialble,M,53,90,70204,Noida
914,915,student915,MBA,F,51,56,75841,Delhi
915,916,student916,NotAvaialble,M,65,87,50273,Delhi
916,917,student917,NotAvaialble,F,54,51,52072,Delhi
917,918,student918,BBA,M,55,89,89915,Noida
918,919,student919,BBA,F,71,79,88480,Gurugram
919,920,student920,BBA,F,57,73,89371,Noida
920,921,student921,BBA,F,65,76,66148,Delhi
921,922,student922,MTech,M,41,63,51511,Delhi
922,923,student923,MBA,M,76,65,63400,Delhi
923,924,student924,MTech,F,76,97,61194,Gurugram
924,925,student925,MBA,M,60,48,81024,Gurugram
925,926,student926,MTech,F,69,88,74482,Gurugram
926,927,student927,MTech,F,87,75,61523,Delhi
927,928,student928,NotAvaialble,F,74,81,98647,Gurugram
928,929,student929,BBA,F,49,48,54509,Noida
929,930,student930,NotAvaialble,F,68,46,89149,Delhi
930,931,student931,BTECH,M,44,93,65656,Delhi
931,932,student932,NotAvaialble,M,59,70,70800,Noida
932,933,student933,BTECH,F,42,73,65621,Delhi
933,934,student934,MTech,M,57,43,67858,Gurugram
934,935,student935,MBA,F,40,97,61554,Gurugram
935,936,student936,MBA,F,89,74,63748,Gurugram
936,937,student937,BBA,F,97,64,58543,Faridabad
937,938,student938,NotAvaialble,M,74,45,57190,Delhi
938,939,student939,BBA,M,76,52,78397,Delhi
939,940,student940,MTech,M,72,43,55522,Delhi
940,941,student941,MBA,F,56,46,71769,Faridabad
941,942,student942,BBA,M,93,50,66802,Noida
942,943,student943,BBA,F,98,85,85367,Noida
943,944,student944,MBA,M,89,77,97049,Faridabad
944,945,student945,BTECH,M,54,79,81799,Noida
945,946,student946,NotAvaialble,M,64,92,56774,Faridabad
946,947,student947,MTech,M,54,50,62675,Gurugram
947,948,student948,BBA,F,97,53,82020,Delhi
948,949,student949,MTech,F,83,59,71993,Noida
949,950,student950,NotAvaialble,M,42,60,68704,Gurugram
950,951,student951,MBA,F,73,82,62202,Noida
951,952,student952,BBA,M,72,65,92481,Delhi
952,953,student953,BTECH,M,58,67,56497,Delhi
953,954,student954,MBA,F,62,93,68639,Delhi
954,955,student955,MTech,M,47,87,60636,Faridabad
955,956,student956,MTech,F,69,89,66759,Delhi
956,957,student957,NotAvaialble,M,95,69,96391,Delhi
957,958,student958,MTech,M,40,97,73879,Gurugram
958,959,student959,NotAvaialble,M,92,84,80514,Delhi
959,960,student960,MBA,M,74,71,55796,Delhi
960,961,student961,MTech,M,48,48,79825,Faridabad
961,962,student962,BTECH,M,53,93,58499,Gurugram
962,963,student963,BTECH,M,96,59,59868,Noida
963,964,student964,MTech,F,81,40,92858,Noida
964,965,student965,NotAvaialble,M,86,89,62535,Gurugram
965,966,student966,BBA,F,84,74,78356,Delhi
966,967,student967,BTECH,F,87,73,79862,Delhi
967,968,student968,NotAvaialble,M,74,68,73199,Delhi
968,969,student969,BTECH,M,72,43,56527,Faridabad
969,970,student970,MBA,F,95,57,57953,Delhi
970,971,student971,BTECH,F,53,91,60488,Delhi
971,972,student972,NotAvaialble,M,40,98,63481,Gurugram
972,973,student973,MTech,F,93,59,56471,Faridabad
973,974,student974,MTech,M,40,47,57817,Noida
974,975,student975,BBA,M,72,61,50987,Noida
975,976,student976,NotAvaialble,M,50,47,57931,Gurugram
976,977,student977,BTECH,F,95,91,96654,Noida
977,978,student978,MBA,M,49,55,56320,Faridabad
978,979,student979,NotAvaialble,F,56,80,82726,Delhi
979,980,student980,BTECH,M,78,67,98040,Faridabad
980,981,student981,BBA,F,54,93,89676,Delhi
981,982,student982,BTECH,M,55,40,66521,Faridabad
982,983,student983,BBA,F,61,63,71885,Faridabad
983,984,student984,BTECH,M,78,98,51701,Faridabad
984,985,student985,MBA,F,67,87,75166,Delhi
985,986,student986,NotAvaialble,M,90,64,89554,Delhi
986,987,student987,MBA,F,54,94,61138,Delhi
987,988,student988,MBA,M,52,84,61618,Faridabad
988,989,student989,NotAvaialble,M,68,92,84332,Faridabad
989,990,student990,BBA,M,75,85,84485,Faridabad
990,991,student991,MBA,M,94,60,60168,Delhi
991,992,student992,BTECH,M,46,78,89216,Gurugram
992,993,student993,NotAvaialble,F,63,80,73348,Faridabad
993,994,student994,BBA,F,70,53,86962,Gurugram
994,995,student995,BTECH,F,51,43,99387,Faridabad
995,996,student996,NotAvaialble,M,53,97,72188,Noida
996,997,student997,BTECH,F,85,70,65436,Noida
997,998,student998,BTECH,F,47,45,84836,Delhi
998,999,student999,MTech,F,74,65,68056,Delhi
999,1000,student1000,MBA,M,63,76,53396,Faridabad
